Category,Name,Known For,Price,Address,Google Maps,Reservation/Review Link,Reservations,Notes
Clubs/Nightlife,"WOMB (ウーム)","Iconic 4-floor Shibuya super-club, world-class DJs, massive main-floor LED ceiling","Cover 2,000-4,000 yen; drinks 800-1,200 yen","2-16 Maruyamacho, Shibuya-ku, Tokyo 150-0044",https://www.google.com/maps/search/?api=1&query=WOMB+Club+Shibuya+Tokyo,https://www.womb.co.jp/,"No reservations needed; arrive before midnight to avoid longest queues","DJ Mag Top 100. 4 floors with LED infinity ceiling. House/techno/EDM depending on night. Reddit: THE club for electronic music. Open Fri-Sat 11pm-5am+. Bring passport for ID. All-male groups face extra scrutiny. Multiple sources: Reddit r/JapanTravel, DJ Mag, TripAdvisor."
Clubs/Nightlife,"Sound Museum Vision (VISION)","Premier Shibuya club, 4 rooms with different genres","Cover 2,500-4,000 yen (incl 1 drink); drinks 800-1,000 yen","B1F, 2-10-7 Dogenzaka, Shibuya-ku, Tokyo 150-0043",https://www.google.com/maps/search/?api=1&query=Sound+Museum+Vision+Shibuya+Tokyo,https://www.vision-tokyo.com/,"No reservation needed; VIP tables available for groups","4 distinct rooms for different music tastes. Very foreigner-friendly. Reddit: more accessible than WOMB for mixed-taste groups. Open Fri-Sat 11pm-5am. Multiple sources: Reddit r/JapanTravel, r/Tokyo, TripAdvisor."
Clubs/Nightlife,"ageHa (アゲハ)","Japan's largest nightclub, legendary venue for massive EDM/trance events","Cover 3,000-5,000 yen; drinks 700-1,000 yen","2-2-10 Shin-Kiba, Koto-ku, Tokyo 136-0082",https://www.google.com/maps/search/?api=1&query=ageHa+Shin+Kiba+Tokyo,https://www.ageha.com/,"No reservations; buy advance tickets online","NOTE: Original closed Jan 2022, check current status. When operational: pool area, outdoor garden, 3 dance floors, capacity 2,400+. Free shuttle from Shibuya. Reddit: nothing else in Tokyo matches the scale. Multiple sources: Reddit, DJ Mag, Resident Advisor."
Clubs/Nightlife,"1OAK Tokyo (ワンオーク東京)","NYC-imported luxury nightclub, celebrity sightings, bottle service, hip-hop/Top 40","Cover 3,000-5,000 yen men; bottles from 50,000 yen","3-6-3 Azabudai, Minato-ku, Tokyo",https://www.google.com/maps/search/?api=1&query=1OAK+Tokyo+Roppongi,https://1oaktokyo.com/,"VIP/bottle service recommended for groups","Roppongi upscale club. Hip-hop/R&B/Top 40. Dress code enforced. Bottle service starts 50,000 yen with guaranteed table. Ignore street touts. Open Fri-Sat 10pm-5am. Multiple sources: Reddit r/Tokyo, TripAdvisor."
Clubs/Nightlife,"V2 Tokyo (ブイツー東京)","Massive Roppongi super-club, multiple floors, hip-hop/EDM mix","Cover 2,000-4,000 yen (incl 1-2 drinks); bottles from 30,000 yen","7-13-7 Roppongi, Minato-ku, Tokyo 106-0032",https://www.google.com/maps/search/?api=1&query=V2+Tokyo+Roppongi,https://www.v2tokyo.com/,"VIP tables bookable, recommended for bachelor parties","Very foreigner-friendly. Reddit: easiest big club for foreign groups. Great light/laser shows. Welcoming to bachelor parties -- ask about group packages. Gets crowded after 1am Saturdays. Multiple sources: Reddit, TripAdvisor, Google Reviews."
Clubs/Nightlife,"Contact (コンタクト)","Underground techno/house club, audiophile-grade Funktion-One sound","Cover 1,500-3,000 yen; drinks 700-1,000 yen","B2F, 2-10-12 Dogenzaka, Shibuya-ku, Tokyo 150-0043",https://www.google.com/maps/search/?api=1&query=Contact+Club+Dogenzaka+Shibuya+Tokyo,https://www.contacttokyo.com/,"No reservations; check event schedule","Smaller underground alternative. Reddit: where the real techno heads go. No photos on dance floor. Intimate dark atmosphere. Multiple sources: Reddit, Resident Advisor."
Unique Nightlife,"Robot Restaurant / Robot Show","Insane neon robot/dancer show, total sensory overload, THE tourist spectacle","8,500-10,000 yen per person (show only)","B2F, 1-7-1 Kabukicho, Shinjuku-ku, Tokyo 160-0021",https://www.google.com/maps/search/?api=1&query=Robot+Restaurant+Kabukicho+Shinjuku+Tokyo,https://www.shinjuku-robot.com/pc/,"Yes - book in advance, group discounts may apply","NOTE: Verify current status for April 2025. Multiple shows nightly. Reddit: extremely touristy but worth doing once with a bachelor party. Food is mediocre. Arrive 30min early for lobby bar. Multiple sources: Reddit (thousands of mentions), TripAdvisor, Lonely Planet."
Unique Nightlife,"Kagaya (かがや)","Legendary one-man-show izakaya, eccentric host Mark performs comedy skits","4,000-6,000 yen per person","2-15-12 Shimbashi, Minato-ku, Tokyo (B1F)",https://www.google.com/maps/search/?api=1&query=Kagaya+Izakaya+Shimbashi+Tokyo,https://www.tripadvisor.com/Restaurant_Review-g1066451-d1679293-Reviews-Kagaya-Minato_Tokyo_Tokyo_Prefecture_Kanto.html,"Yes - MANDATORY. Call to reserve (Japanese only, have hotel call). Only ~12 seats","Reddit LEGEND. TripAdvisor 4.5/5, 700+ reviews. PERFECT for bachelor parties -- Mark loves groups. Reservations essential, booked weeks out. Food is decent izakaya fare. Hours ~5pm-11pm, closed Sundays. Multiple sources: Reddit (one of most recommended places), TripAdvisor, Atlas Obscura."
Unique Nightlife,"Samurai Rock (サムライロック)","Samurai-themed cocktail bar, bartender in full samurai armor","1,500-2,500 yen per drink; no cover","2F, 7-14-1 Roppongi, Minato-ku, Tokyo",https://www.google.com/maps/search/?api=1&query=Samurai+Rock+Bar+Roppongi+Tokyo,https://www.tripadvisor.com/Attraction_Review-g1066451-d10350953-Reviews-Samurai_Rock_Restaurant-Minato_Tokyo_Tokyo_Prefecture_Kanto.html,"Not required but recommended for groups of 5+","Great pre-club Roppongi stop. Bartender performs sword demonstrations. Great photo ops for bachelor party. Open ~6pm-2am. Multiple sources: Reddit, TripAdvisor, Google Reviews."
Unique Nightlife,"Golden Gai (ゴールデン街)","Historic 6-alley maze of 200+ tiny bars (5-10 seats each)","500-1,500 yen cover per bar + 700-1,500 yen per drink","Golden Gai, Kabukicho 1-chome, Shinjuku-ku, Tokyo",https://www.google.com/maps/search/?api=1&query=Golden+Gai+Shinjuku+Tokyo,https://www.timeout.com/tokyo/bars-and-pubs/the-complete-guide-to-golden-gai,"No reservations; walk-in if space available","THE must-do drinking experience. Split bachelor party into pairs -- bars seat 5-8 only. Cover charge is normal. Best bars: Albatross, Open Book, Death Match in Hell. Peak 9pm-midnight. Go weekday if possible. Multiple sources: Reddit (hundreds of threads), TimeOut, Lonely Planet."
Unique Nightlife,"Omoide Yokocho / Memory Lane (思い出横丁)","Post-war alley of tiny yakitori stalls, smoky nostalgic vibes","1,000-3,000 yen per person","Nishi-Shinjuku 1-chome, Shinjuku-ku, Tokyo",https://www.google.com/maps/search/?api=1&query=Omoide+Yokocho+Memory+Lane+Shinjuku+Tokyo,https://www.timeout.com/tokyo/restaurants/omoide-yokocho,"No reservations; walk-in only","Also called Piss Alley. Feels like 1950s Tokyo. Yakitori skewers 100-300 yen, beer 500 yen. Split your group. Best stalls: Asadachi, Wakare. Open 5pm-midnight+. Don't wear nice clothes. Multiple sources: Reddit, TripAdvisor, Lonely Planet."
Unique Nightlife,"Vampire Cafe (ヴァンパイアカフェ)","Gothic vampire-themed restaurant with coffin tables, blood-red decor","3,000-6,000 yen per person","6-7-6 Ginza, Chuo-ku, Tokyo, Daiei Bldg 7F",https://www.google.com/maps/search/?api=1&query=Vampire+Cafe+Ginza+Tokyo,https://www.tripadvisor.com/Restaurant_Review-g1066444-d1661498-Reviews-Vampire_Cafe-Chuo_Tokyo_Tokyo_Prefecture_Kanto.html,"Recommended, especially weekends","Full gothic vampire interior. Food is Italian/French and decent. TripAdvisor 4.0/5. Courses 3,000-5,000 yen. Open 5pm-11:30pm. Multiple sources: TripAdvisor, Reddit, Atlas Obscura."
Unique Nightlife,"Albatross Bar (アルバトロス)","Iconic 3-story Golden Gai bar with chandeliers, red velvet, rooftop terrace","700 yen cover + 800-1,500 yen per drink","1-1-7 Kabukicho, Golden Gai, Shinjuku-ku, Tokyo",https://www.google.com/maps/search/?api=1&query=Albatross+Bar+Golden+Gai+Shinjuku+Tokyo,https://www.tripadvisor.com/Attraction_Review-g1066457-d12497794-Reviews-Albatross_G-Shinjuku_Tokyo_Tokyo_Prefecture_Kanto.html,"Not accepted; first-come first-served","Most recommended Golden Gai bar on Reddit. 3 floors in a building barely wider than a hallway. Tourist-friendly, English-speaking staff. Can fit ~15 people across all floors. Open 6pm-midnight+. Multiple sources: Reddit, TripAdvisor, TimeOut."
Karaoke,"Karaoke Kan (カラオケ館) Shibuya","Lost in Translation filming location (Room 601), massive song library","500-2,000 yen/hr; all-you-can-drink plans 2,500-3,500 yen/2hrs","30-8 Udagawacho, Shibuya-ku, Tokyo",https://www.google.com/maps/search/?api=1&query=Karaoke+Kan+Shibuya+Tokyo,https://karaokekan.jp/,"Not required; recommended for 8+ on weekends","Can request Room 601 from the movie. Private rooms for 2-20+. Get nomihoudai (all-you-can-drink) plan. Cheapest before 7pm and weekdays. Free-time midnight-5am plans ~1,500-2,000/person. Bring conbini snacks. Multiple sources: Reddit, TripAdvisor."
Karaoke,"Big Echo (ビッグエコー) Shinjuku","Largest karaoke chain in Japan, DAM scoring system, reliable quality","400-1,800 yen/hr; all-you-can-drink 2,000-3,500 yen/2hrs","3-22-4 Shinjuku, Shinjuku-ku, Tokyo",https://www.google.com/maps/search/?api=1&query=Big+Echo+Shinjuku+Tokyo,https://big-echo.jp/,"Not required; walk-in usually fine except Fri/Sat after 10pm","500+ locations. DAM scoring = great for bachelor party competitions. English interface available. Get 2hr nomihoudai minimum. Use Daiichikosho app for English songs. Open noon-5am. Multiple sources: Reddit, Google Reviews."
Karaoke,"Uta Hiroba (歌広場)","Budget king of karaoke, cheapest rates in Tokyo","200-800 yen/hr; sometimes 100 yen/hr weekday daytime","1-20-1 Kabukicho, Shinjuku-ku, Tokyo",https://www.google.com/maps/search/?api=1&query=Uta+Hiroba+Shinjuku+Kabukicho+Tokyo,https://www.utahiro.com/,"Not required","Budget option -- half the price of Big Echo/Karaoke Kan. Rooms are basic but functional. Same JOYSOUND/DAM machines. Free-time midnight-5am plans absurdly cheap. Multiple locations in Kabukicho. Open noon-6am. Multiple sources: Reddit, budget travel blogs."
Karaoke,"JOYSOUND (ジョイサウンド) Shibuya","Premium chain with largest song catalog in Japan (300,000+ songs)","500-2,000 yen/hr; VIP and party plans available","2-29-11 Dogenzaka, Shibuya-ku, Tokyo",https://www.google.com/maps/search/?api=1&query=JOYSOUND+Shibuya+Tokyo,https://shop.joysound.com/,"Recommended for VIP/party rooms on weekends","Best English song library in Japan per Reddit. VIP concept rooms with stage lighting and disco balls. Party room plans for 10-20 people include room+drinks+food. Open noon-5am. Multiple sources: Reddit, JOYSOUND official."
Karaoke,"Pasela (パセラ) Shinjuku","Upscale karaoke with resort-style themed rooms, famous honey toast","1,000-3,000 yen/hr; party plans 4,000-6,000 yen/person","1-3-16 Kabukicho, Shinjuku-ku, Tokyo",https://www.google.com/maps/search/?api=1&query=Pasela+Resorts+Shinjuku+Kabukicho+Tokyo,https://www.pasela.co.jp/,"Recommended for party plans and large groups","THE premium karaoke option for bachelor parties. Themed rooms (Bali, VIP suites). Famous honey toast. Craft cocktails. Party plans include room+drinks+food course. VIP rooms fit 20+ people. Open 11am-5am. Multiple sources: Reddit, TripAdvisor, TimeOut."
