Category,Name,Known For,Price,Address,Google Maps,Reservation/Review Link,Reservations,Status,Notes
Yakiniku,"Yoroniku (YORONIKU)","Silk Rose (thin-sliced wagyu wrapped around rice), Truffle Sukiyaki","Splurge ~13,000-21,500/person","6-6-22 Minami-Aoyama, Luna Rossa B1F, Minato-ku, Tokyo",https://www.google.com/maps/search/?api=1&query=Yoroniku+Minami+Aoyama+Tokyo,https://tabelog.com/en/tokyo/A1306/A130602/13042979/,"Yes - book via TableCheck or OMAKASE; auto-cancelled if 15min late",,"Tabelog Top 100 2025 (score 4.16). Birthplace of wagyu wrapped in bite-sized rice ball. Hidden in backstreets of Minami Aoyama. Truffle Sukiyaki is the must-order. Also has branches in Ebisu and Azabudai Hills. Multiple sources: Reddit, Tabelog, TripAdvisor, SAVOR JAPAN."
Yakiniku,"SATO Briand Honten (SATOburian)","Chateaubriand from Kobe/Kyushu beef, Straight Ball Course (8 cuts)","Splurge ~11,500-18,500/person","2-17-2 Asagaya Minami, Suginami-ku, Tokyo",https://www.google.com/maps/search/?api=1&query=SATO+Briand+Honten+Asagaya+Tokyo,https://tabelog.com/en/tokyo/A1319/A131905/13127046/,"Yes - extremely hard; slots open 25th of each month for following month",,"8 consecutive years on Tabelog Top 100. Tabelog Gold 2017, Bronze 2025. Official Kobe Beef designated restaurant since 2023. Called one of Japan's toughest reservations. Multiple sources: Tabelog, Reddit, food blogs."
Yakiniku,"Yakiniku Jumbo Hanare","A5 Kuroge Wagyu omakase course","Splurge ~15,000-23,000/person","3-27-9 Hongo, Bunkyo-ku, Tokyo, Anritsu Bldg 1F",https://www.google.com/maps/search/?api=1&query=Yakiniku+Jumbo+Hanare+Hongo+Tokyo,https://tabelog.com/en/tokyo/A1310/A131004/13160962/,"Yes - mandatory; expect 1-2 month wait; book via TableCheck",,"Tabelog Silver Award 2025, score 4.33. TripAdvisor 4.7/5. One of only 5-6 yakiniku restaurants in Tokyo that respect beef at the highest level. Exclusively A5 Kuroge wagyu. Multiple sources: Tabelog, TripAdvisor, Reddit."
Yakiniku,"Nikutei Futago iki Shinjuku","80-dish wagyu menu with Ota beef (Hyogo) and Sendai beef (Miyagi)","Mid-range/Splurge ~5,000-15,000/person","1-18-9 Kabukicho, WaMall 10F, Shinjuku-ku, Tokyo",https://www.google.com/maps/search/?api=1&query=Nikutei+Futago+iki+Shinjuku+Tokyo,https://www.tripadvisor.com/Restaurant_Review-g14133667-d12018022-Reviews-Nikutei_Futago_iki_Shinjuku-Kabukicho_Shinjuku_Tokyo_Tokyo_Prefecture_Kanto.html,"Recommended - private rooms available",,"10th-floor Kabukicho location. Meat Box (5,000 yen) is popular starting point. Reviewers call it the best wagyu BBQ experience. Good for groups. 6min from Shinjuku Station East Exit. Multiple sources: TripAdvisor, byfood."
Izakaya/Bars,"Uokin Honten","6-item sashimi platter, fresh seafood at wholesale prices","Budget ~2,000-4,000/person","Dai-2 Fuji Bldg B1-3F, 3-18-3 Shimbashi, Minato-ku, Tokyo",https://www.google.com/maps/search/?api=1&query=Uokin+Honten+Shimbashi+Tokyo,https://tabelog.com/en/tokyo/A1301/A130103/13007107/,"No - walk-in; expect queue after 6pm weekdays",,"Classic salaryman izakaya. Owned by fish wholesale company so prices are unbeatable. Signature 6-item sashimi platter is a must. Counter seating, noisy, smokers -- authentic charm. Multiple sources: Reddit, TripAdvisor, TimeOut, Tabelog."
Izakaya/Bars,"Kanemasu","Uniku (beef roll with sea urchin), standing izakaya with Tsukiji-fresh seafood","Mid-range ~5,000-6,000/person","Near Kachidoki Station, Chuo-ku, Tokyo",https://www.google.com/maps/search/?api=1&query=Kanemasu+Kachidoki+Tokyo,https://tabelog.com/en/tokyo/A1313/A131302/13002243/,"No - walk-in only; GO EARLY, best sellers sell out 30min after opening",,"Famous standing izakaya near former Tsukiji. Uniku (uni + beef roll, 3,000 yen) is the signature dish. Was packed at 3:30pm on a Tuesday. TimeOut Tokyo calls it one of best izakayas. Multiple sources: TimeOut, Tabelog, Reddit."
Izakaya/Bars,"Ginza Shimada","Kaiseki-quality standing bar, seasonal dishes at fraction of fine-dining prices","Mid-range ~3,000-6,000/person","8-2-8 Ginza, Takasaka Bldg 1F, Chuo-ku, Tokyo",https://www.google.com/maps/search/?api=1&query=Ginza+Shimada+Shimbashi+Tokyo,https://tabelog.com/en/tokyo/A1301/A130101/13136359/,"No reservations needed",,"Tabelog Top 100 Tachinomi 2025 (score 3.66). Chef formerly at 3-Michelin-star Azabu Yukimura. Dishes start at 500 yen. Chilled soba with karasumi or uni with spiny lobster are standouts. Pioneered high-end tachinomi trend. Multiple sources: PUNCH, Tabelog, TimeOut."
Izakaya/Bars,"Birdland (Ginza)","Michelin-starred yakitori, Okukuji Shamo chicken, legendary liver pate","Mid-range/Splurge ~6,000-10,000/person","Ginza 4-2-15, Tsukamoto Sozan Bldg B1F, Chuo-ku, Tokyo",https://www.google.com/maps/search/?api=1&query=Birdland+Ginza+Tokyo,https://tabelog.com/en/tokyo/A1301/A130101/13004097/,"Yes - required; Tue-Sat 5pm-10pm only",,"Michelin 1-star since 2010. Chef Wada is a yakitori legend. Only 16 counter seats. Liver pate and wasabi-coated rare sasami are must-orders. Juicy yet has bounce to the bite. Closed Sun-Mon. Multiple sources: Michelin, Tabelog, Reddit, TripAdvisor."
Izakaya/Bars,"Toriki (Kinshicho)","World's first Michelin-starred yakitori, Akadori chicken over binchotan","Mid-range ~6,000-8,000/person","1-8-13 Kinshi, Sumida-ku, Tokyo, Kosaka Bldg 1F",https://www.google.com/maps/search/?api=1&query=Toriki+Kinshicho+Tokyo,https://tabelog.com/en/tokyo/A1312/A131201/13026017/,"Recommended - weekends book up; try weekday after 9pm",,"First yakitori in the world to earn Michelin star (2010), held for 10 years. Counter-only. Chef grills at incredibly high temps, fanning with uchiwa fan. Tsukune and liver are standouts. Mon-Sat. Multiple sources: Michelin, Tabelog, TimeOut, Reddit."
Teppanyaki/Fine Dining,"Hakushu (Kobe Teppanyaki)","50+ year heritage Kobe beef teppanyaki, intimate counter","Mid-range/Splurge ~7,500-15,000/person","17-10 Sakuragaokacho, MCD Bldg B1F, Shibuya-ku, Tokyo",https://www.google.com/maps/search/?api=1&query=Hakushu+Kobe+Teppanyaki+Shibuya+Tokyo,https://tabelog.com/en/tokyo/A1303/A130301/13054097/,"Yes - mandatory; call +81 3-3461-0546 at 5:30pm opening",,"Founded 1966, over 50 years in Shibuya. TripAdvisor Travelers' Choice 6 consecutive years, 4.7/5, #19 of 5,404 Shibuya restaurants. Called best hidden gem and best teppanyaki experience. Intimate basement. Multiple sources: TripAdvisor, Tabelog, Reddit, social media."
Teppanyaki/Fine Dining,"Bifuteki Kawamura Ginza","Authentic Kobe Beef pioneer in Kanto, luxurious private rooms","Splurge ~16,500-25,520/person","Ginza Museum Bldg 10-11F, 6-5-6 Ginza, Chuo-ku, Tokyo",https://www.google.com/maps/search/?api=1&query=Bifuteki+Kawamura+Ginza+Tokyo,https://tabelog.com/en/tokyo/A1301/A130101/13307253/,"Yes - via web form or call +81-50-2030-4678",,"Founded 1972, credited with bringing authentic Kobe Beef to Kanto. Relocated/reopened Ginza branch 2025 with private rooms. Ribeye 100g from 16,500 yen, Filet 100g from 19,800 yen. English menu and staff. 2min from Ginza Station. Multiple sources: SAVOR JAPAN, Tabelog, TripAdvisor."
Teppanyaki/Fine Dining,"Ginkuma Saryo","Kuroge Wagyu & A5 Sendai beef, seasonal kaiseki-style teppanyaki courses","Mid-range/Splurge ~10,000-20,000/person","7F Nishi Ginza Bldg, 6-3-11 Ginza, Chuo-ku, Tokyo",https://www.google.com/maps/search/?api=1&query=Ginkuma+Saryo+Ginza+Tokyo,https://tabelog.com/en/tokyo/A1301/A130101/13039211/,"Recommended - via web or call +81-3-3573-4333",,"Warm cozy teppanyaki in Ginza. Special Wagyu Course 10,000 yen for 7 dishes -- strong Ginza value. Seasonal kaiseki elements. Open lunch and dinner. 3min from Ginza Station C2/C3. Multiple sources: SAVOR JAPAN, Tabelog, Pelago."
Teppanyaki/Fine Dining,"Nikuya Tanaka Ginza","Omakase wagyu kaiseki by meat master Satoru Tanaka","Splurge ~48,000-80,000/person","9F GICROS GINZA GEMS, 6-4-3 Ginza, Chuo-ku, Tokyo",https://www.google.com/maps/search/?api=1&query=Nikuya+Tanaka+Ginza+Tokyo,https://tabelog.com/en/tokyo/A1301/A130101/13237628/,"Yes - required well in advance; only 9 seats, 2 seatings (5pm & 8:30pm)",,"Chef Satoru Tanaka is revered meat expert. Single omakase at 48,000 yen + 10% service. Most exclusive wagyu cuts including Kobe and Matsusaka. Only 9 seats. Smart casual dress code. Closed Sundays. For special occasions. Multiple sources: Tabelog, TABLEALL, Pocket Concierge."
